Date,Volume,Open,High,Low
2015-04-01 16:00:00,36865322.0,40.6,40.76,40.31
2015-04-02 16:00:00,37487476.0,40.66,40.74,40.12
2015-04-06 16:00:00,39223692.0,40.34,41.78,40.18
2015-04-07 16:00:00,28809375.0,41.61,41.91,41.31
2015-04-08 16:00:00,24753438.0,41.48,41.69,41.04
2015-04-09 16:00:00,25723861.0,41.25,41.62,41.25
2015-04-10 16:00:00,28022002.0,41.63,41.95,41.41
2015-04-13 16:00:00,30276692.0,41.4,42.06,41.39
2015-04-14 16:00:00,24244382.0,41.8,42.03,41.39
2015-04-15 16:00:00,27343581.0,41.76,42.46,41.68
2015-04-16 16:00:00,22509652.0,41.95,42.34,41.82
2015-04-17 16:00:00,42387608.0,41.67,41.74,41.16
2015-04-20 16:00:00,46057733.0,41.73,43.17,41.68
2015-04-21 16:00:00,26013844.0,43.0,43.15,42.53
2015-04-22 16:00:00,25064273.0,42.67,43.13,42.55
2015-04-23 16:00:00,46309530.0,42.85,43.61,42.8
2015-04-24 16:00:00,130933665.0,45.66,48.14,45.65
2015-04-27 16:00:00,59248172.0,47.23,48.13,47.22
2015-04-28 16:00:00,60730778.0,47.78,49.21,47.7
2015-04-29 16:00:00,47804562.0,48.72,49.31,48.5
2015-04-30 16:00:00,64725457.0,48.7,49.54,48.6
2015-05-01 16:00:00,38937336.0,48.58,48.88,48.4
2015-05-04 16:00:00,34039485.0,48.37,48.87,48.18
2015-05-05 16:00:00,50369191.0,47.82,48.16,47.31
2015-05-06 16:00:00,52433020.0,47.57,47.77,46.02
2015-05-07 16:00:00,32971654.0,46.27,47.09,46.16
2015-05-08 16:00:00,35364911.0,47.55,47.98,47.52
2015-05-11 16:00:00,24609416.0,47.55,47.91,47.37
2015-05-12 16:00:00,29928264.0,46.85,47.68,46.42
2015-05-13 16:00:00,34184613.0,48.19,48.32,47.57
2015-05-14 16:00:00,32980892.0,48.03,48.82,48.03
2015-05-15 16:00:00,28642694.0,48.87,48.91,48.05
2015-05-18 16:00:00,24136502.0,47.98,48.22,47.61
2015-05-19 16:00:00,28574813.0,47.62,47.81,47.18
2015-05-20 16:00:00,25047919.0,47.39,47.93,47.27
2015-05-21 16:00:00,22410698.0,47.28,47.6,47.01
2015-05-22 16:00:00,25720583.0,47.3,47.35,46.82
2015-05-26 16:00:00,29581860.0,46.83,46.88,46.19
2015-05-27 16:00:00,27335639.0,46.82,47.77,46.62
2015-05-28 16:00:00,19283666.0,47.5,48.02,47.39
2015-05-29 16:00:00,36519594.0,47.43,47.57,46.59
2015-06-01 16:00:00,28837332.0,47.06,47.77,46.62
2015-06-02 16:00:00,21498326.0,46.95,47.35,46.62
2015-06-03 16:00:00,28002154.0,47.37,47.74,46.82
2015-06-04 16:00:00,27745512.0,46.79,47.16,46.2
2015-06-05 16:00:00,25438086.0,46.31,46.52,45.84
2015-06-08 16:00:00,22121634.0,46.3,46.43,45.67
2015-06-09 16:00:00,24406057.0,45.76,45.94,45.46
2015-06-10 16:00:00,28417405.0,45.79,46.83,45.69
2015-06-11 16:00:00,27347758.0,46.66,46.92,46.13
2015-06-12 16:00:00,23930972.0,46.2,46.47,45.9
2015-06-15 16:00:00,33254517.0,45.45,45.65,45.02
2015-06-16 16:00:00,27070306.0,45.35,46.24,45.3
2015-06-17 16:00:00,28704061.0,45.73,46.07,45.36
2015-06-18 16:00:00,32658343.0,46.22,46.8,46.17
2015-06-19 16:00:00,63837036.0,46.79,46.83,45.99
2015-06-22 16:00:00,20318055.0,46.33,46.72,46.16
2015-06-23 16:00:00,25896473.0,46.13,46.28,45.62
2015-06-24 16:00:00,34890901.0,45.68,46.25,45.55
2015-06-25 16:00:00,20615995.0,46.03,46.06,45.5
2015-06-26 16:00:00,49835287.0,45.65,46.28,45.03
2015-06-29 16:00:00,34081746.0,45.04,45.23,44.36
2015-06-30 16:00:00,35945384.0,44.71,44.72,43.94
2015-07-01 16:00:00,28343907.0,44.49,45.23,44.1
2015-07-02 16:00:00,21752013.0,44.48,44.75,44.06
2015-07-06 16:00:00,23033961.0,43.96,44.48,43.95
2015-07-07 16:00:00,36435827.0,44.34,44.49,43.32
2015-07-08 16:00:00,39785901.0,44.44,44.9,44.03
2015-07-09 16:00:00,32424672.0,44.75,45.22,44.5
2015-07-10 16:00:00,25465757.0,45.01,45.14,44.57
2015-07-13 16:00:00,28178329.0,44.98,45.62,44.95
2015-07-14 16:00:00,22880260.0,45.45,45.96,45.31
2015-07-15 16:00:00,26629615.0,45.68,45.89,45.43
2015-07-16 16:00:00,26271673.0,46.01,46.69,45.97
2015-07-17 16:00:00,29467107.0,46.55,46.78,46.26
2015-07-20 16:00:00,30631905.0,46.65,47.13,46.44
2015-07-21 16:00:00,42781899.0,46.78,47.33,46.48
2015-07-22 16:00:00,59152427.0,45.44,46.93,45.2
2015-07-23 16:00:00,33934010.0,45.27,46.23,45.1
2015-07-24 16:00:00,32333244.0,45.91,46.32,45.8
2015-07-27 16:00:00,39701420.0,45.94,46.01,45.25
2015-07-28 16:00:00,34328948.0,45.58,45.64,44.79
2015-07-29 16:00:00,40945864.0,45.4,46.78,45.26
2015-07-30 16:00:00,39777883.0,46.26,47.4,45.93
2015-07-31 16:00:00,31201480.0,47.29,47.37,46.5
2015-08-03 16:00:00,24125886.0,46.98,47.0,46.45
2015-08-04 16:00:00,33403916.0,46.75,47.71,46.68
2015-08-05 16:00:00,26959655.0,47.98,48.41,47.54
2015-08-06 16:00:00,27368000.0,47.71,47.77,46.33
2015-08-07 16:00:00,19163038.0,46.39,46.78,46.26
2015-08-10 16:00:00,23079870.0,46.95,47.49,46.84
2015-08-11 16:00:00,29237402.0,46.82,46.94,45.9
2015-08-12 16:00:00,30198532.0,46.19,46.9,45.71
2015-08-13 16:00:00,22627241.0,47.06,47.1,46.49
2015-08-14 16:00:00,21473402.0,46.53,47.1,46.52
2015-08-17 16:00:00,21099746.0,46.81,47.45,46.57
2015-08-18 16:00:00,23574104.0,46.84,47.43,46.7
2015-08-19 16:00:00,31485511.0,46.78,47.08,46.3
2015-08-20 16:00:00,36238227.0,46.07,46.47,45.66
2015-08-21 16:00:00,70053084.0,45.3,45.48,43.07
2015-08-24 16:00:00,88753660.0,40.45,43.31,39.72
2015-08-25 16:00:00,70616597.0,42.57,43.24,40.39
2015-08-26 16:00:00,63407996.0,42.01,42.84,41.06
2015-08-27 16:00:00,50943211.0,43.23,43.95,42.93
2015-08-28 16:00:00,28246725.0,43.4,44.15,43.39
2015-08-31 16:00:00,34441662.0,43.56,43.93,43.1
2015-09-01 16:00:00,49688896.0,42.17,42.59,41.66
2015-09-02 16:00:00,37671518.0,42.36,43.38,41.88
2015-09-03 16:00:00,28285205.0,43.41,43.98,43.28
2015-09-04 16:00:00,37138775.0,42.81,43.04,42.2
2015-09-08 16:00:00,32469766.0,43.3,44.0,43.2
2015-09-09 16:00:00,33469485.0,44.21,44.4,42.91
2015-09-10 16:00:00,31366630.0,43.12,43.79,42.75
2015-09-11 16:00:00,27132527.0,43.14,43.59,42.94
2015-09-14 16:00:00,23656048.0,43.43,43.44,42.86
2015-09-15 16:00:00,28882206.0,43.19,44.29,43.08
2015-09-16 16:00:00,23372162.0,43.97,44.38,43.84
2015-09-17 16:00:00,32768161.0,44.29,45.0,44.08
2015-09-18 16:00:00,63143684.0,43.5,43.99,43.33
2015-09-21 16:00:00,26177224.0,43.62,44.47,43.6
2015-09-22 16:00:00,28085903.0,43.38,44.05,43.31
2015-09-23 16:00:00,17145238.0,43.93,44.17,43.51
2015-09-24 16:00:00,27905607.0,43.45,44.13,43.27
2015-09-25 16:00:00,29384601.0,44.48,44.73,43.76
2015-09-28 16:00:00,27613785.0,43.83,44.09,43.21
2015-09-29 16:00:00,32763557.0,43.37,43.57,43.05
2015-09-30 16:00:00,34958880.0,43.88,44.3,43.66
2015-10-01 16:00:00,28657859.0,44.75,44.75,43.75
2015-10-02 16:00:00,41839035.0,44.27,45.57,43.92
2015-10-05 16:00:00,34369286.0,45.75,46.89,45.7
2015-10-06 16:00:00,27510808.0,46.33,47.18,46.22
2015-10-07 16:00:00,27711492.0,47.1,47.35,45.95
2015-10-08 16:00:00,33772709.0,46.56,47.52,46.5
2015-10-09 16:00:00,28600632.0,47.45,47.54,46.92
2015-10-12 16:00:00,19769066.0,46.98,47.07,46.5
2015-10-13 16:00:00,19987816.0,46.56,47.13,46.56
2015-10-14 16:00:00,24697766.0,46.65,47.1,46.53
2015-10-15 16:00:00,27189370.0,47.01,47.03,46.53
2015-10-16 16:00:00,26450334.0,47.02,47.54,46.9
2015-10-19 16:00:00,29387581.0,47.42,47.88,47.02
2015-10-20 16:00:00,30802235.0,47.44,47.81,47.02
2015-10-21 16:00:00,25264710.0,47.92,47.99,47.11
2015-10-22 16:00:00,56637074.0,47.53,48.95,47.09
2015-10-23 16:00:00,135227059.0,52.3,54.07,52.25
2015-10-26 16:00:00,64633324.0,52.53,54.32,52.5
2015-10-27 16:00:00,50999907.0,53.99,54.37,53.58
2015-10-28 16:00:00,47000753.0,53.54,53.98,52.86
2015-10-29 16:00:00,30202078.0,53.54,53.83,53.22
2015-10-30 16:00:00,46619761.0,53.32,53.99,52.62
2015-11-02 16:00:00,30284982.0,52.85,53.36,52.62
2015-11-03 16:00:00,36596931.0,52.93,54.39,52.9
2015-11-04 16:00:00,37087849.0,54.18,54.88,54.06
2015-11-05 16:00:00,31468485.0,54.49,54.7,54.0
2015-11-06 16:00:00,32851204.0,54.09,54.98,53.96
2015-11-09 16:00:00,32513067.0,54.55,54.87,53.56
2015-11-10 16:00:00,55283697.0,54.01,54.13,53.27
2015-11-11 16:00:00,36516260.0,53.7,54.2,53.46
2015-11-12 16:00:00,35361095.0,53.48,53.98,53.19
2015-11-13 16:00:00,36848175.0,53.07,53.29,52.53
2015-11-16 16:00:00,32165198.0,53.08,53.89,52.85
2015-11-17 16:00:00,31551255.0,53.17,53.53,52.85
2015-11-18 16:00:00,29710030.0,53.0,53.98,52.98
2015-11-19 16:00:00,28149228.0,53.99,54.66,53.78
2015-11-20 16:00:00,37147608.0,54.25,54.3,53.27
2015-11-23 16:00:00,28235918.0,54.25,54.46,53.75
2015-11-24 16:00:00,24600043.0,53.92,54.44,53.58
2015-11-25 16:00:00,21005147.0,54.09,54.23,53.69
2015-11-27 16:00:00,9009132.0,53.8,54.08,53.79
2015-11-30 16:00:00,56241417.0,54.54,54.96,54.0
2015-12-01 16:00:00,39952779.0,54.41,55.23,54.3
2015-12-02 16:00:00,47274879.0,55.32,55.96,55.06
2015-12-03 16:00:00,38627835.0,55.49,55.77,53.93
2015-12-04 16:00:00,43963662.0,54.12,56.23,54.1
2015-12-07 16:00:00,30709765.0,55.79,55.97,55.29
2015-12-08 16:00:00,32878026.0,55.47,56.1,54.99
2015-12-09 16:00:00,36373209.0,55.37,55.87,54.51
2015-12-10 16:00:00,31775826.0,55.39,55.66,55.01
2015-12-11 16:00:00,39549497.0,54.71,55.1,54.01
2015-12-14 16:00:00,47006491.0,54.33,55.21,53.68
2015-12-15 16:00:00,39842998.0,55.66,55.9,55.09
2015-12-16 16:00:00,37503300.0,55.54,56.25,54.76
2015-12-17 16:00:00,41280907.0,56.36,56.79,55.53
2015-12-18 16:00:00,84684164.0,55.77,56.0,54.03
2015-12-21 16:00:00,37246325.0,54.88,55.35,54.23
2015-12-22 16:00:00,28322241.0,54.99,55.48,54.5
2015-12-23 16:00:00,27279832.0,55.7,55.88,55.44
2015-12-24 16:00:00,9570002.0,55.86,55.96,55.43
2015-12-28 16:00:00,22458293.0,55.35,55.95,54.98
2015-12-29 16:00:00,27731403.0,56.29,56.85,56.06
2015-12-30 16:00:00,21704505.0,56.47,56.78,56.29
2015-12-31 16:00:00,27334061.0,56.04,56.19,55.42
2016-01-04 16:00:00,53777963.0,54.32,54.8,53.39
2016-01-05 16:00:00,34079674.0,54.93,55.39,54.54
2016-01-06 16:00:00,39518863.0,54.32,54.4,53.64
2016-01-07 16:00:00,56564852.0,52.7,53.49,52.07
2016-01-08 16:00:00,48753969.0,52.37,53.28,52.15
2016-01-11 16:00:00,36943756.0,52.51,52.85,51.46
2016-01-12 16:00:00,36095539.0,52.76,53.1,52.06
2016-01-13 16:00:00,66883571.0,53.8,54.07,51.3
2016-01-14 16:00:00,52381918.0,52.0,53.42,51.57
2016-01-15 16:00:00,71820697.0,51.31,51.97,50.34
2016-01-19 16:00:00,43564538.0,51.48,51.68,50.06
2016-01-20 16:00:00,63272993.0,49.98,51.38,49.1
2016-01-21 16:00:00,40191157.0,51.0,51.58,50.3
2016-01-22 16:00:00,37555789.0,51.41,52.33,51.26
2016-01-25 16:00:00,34707717.0,51.94,52.65,51.65
2016-01-26 16:00:00,28900820.0,51.79,52.44,51.55
2016-01-27 16:00:00,36775194.0,52.01,52.2,51.02
2016-01-28 16:00:00,62513789.0,51.86,52.21,51.25
2016-01-29 16:00:00,83611686.0,54.73,55.09,54.0
2016-02-01 16:00:00,44208542.0,54.88,55.09,54.5
2016-02-02 16:00:00,56313753.0,54.17,54.26,52.65
2016-02-03 16:00:00,57559814.0,53.25,53.39,51.26
2016-02-04 16:00:00,46987123.0,52.1,52.81,51.37
2016-02-05 16:00:00,62008994.0,51.94,52.0,49.56
2016-02-08 16:00:00,59290497.0,49.55,49.57,48.19
2016-02-09 16:00:00,46740474.0,49.02,50.24,48.67
2016-02-10 16:00:00,38236954.0,49.89,50.39,49.52
2016-02-11 16:00:00,48878571.0,48.68,50.11,48.51
2016-02-12 16:00:00,34243324.0,50.25,50.68,49.75
2016-02-16 16:00:00,37291208.0,50.9,51.09,50.13
2016-02-17 16:00:00,40788968.0,51.49,52.77,51.45
2016-02-18 16:00:00,27176035.0,52.33,52.95,52.1
2016-02-19 16:00:00,33559073.0,51.97,52.28,51.53
2016-02-22 16:00:00,25008291.0,52.28,53.0,52.28
2016-02-23 16:00:00,28895274.0,52.34,52.37,50.98
2016-02-24 16:00:00,33014457.0,50.69,51.5,50.2
2016-02-25 16:00:00,26939467.0,51.73,52.1,50.61
2016-02-26 16:00:00,35975925.0,52.6,52.68,51.1
2016-02-29 16:00:00,31654036.0,51.35,51.65,50.66
2016-03-01 16:00:00,33024535.0,50.97,52.59,50.92
2016-03-02 16:00:00,29289884.0,52.41,52.96,52.16
2016-03-03 16:00:00,24427813.0,52.97,52.97,51.78
2016-03-04 16:00:00,33034150.0,52.4,52.45,51.71
2016-03-07 16:00:00,38428816.0,51.56,51.8,50.58
2016-03-08 16:00:00,33835119.0,50.8,52.13,50.6
2016-03-09 16:00:00,28251588.0,51.89,52.85,51.86
2016-03-10 16:00:00,38387804.0,52.93,52.94,51.16
2016-03-11 16:00:00,32275677.0,53.0,53.07,52.38
2016-03-14 16:00:00,24083616.0,52.71,53.59,52.63
2016-03-15 16:00:00,21104763.0,52.75,53.59,52.74
2016-03-16 16:00:00,31691742.0,53.45,54.6,53.4
2016-03-17 16:00:00,20539771.0,54.21,55.0,54.0
2016-03-18 16:00:00,67625518.0,54.92,54.97,53.45
2016-03-21 16:00:00,23925716.0,53.25,53.93,52.93
2016-03-22 16:00:00,23124143.0,53.61,54.25,53.46
2016-03-23 16:00:00,20129015.0,54.11,54.24,53.74
2016-03-24 16:00:00,19949972.0,53.84,54.33,53.73
2016-03-28 16:00:00,17025050.0,54.21,54.29,53.33
2016-03-29 16:00:00,23924329.0,53.66,54.86,53.45
2016-03-30 16:00:00,23008260.0,54.93,55.64,54.9
2016-03-31 16:00:00,26360495.0,54.95,55.59,54.86
2016-04-01 16:00:00,24399193.0,55.05,55.61,54.57
2016-04-04 16:00:00,18928810.0,55.43,55.66,55.0
2016-04-05 16:00:00,19272255.0,55.19,55.3,54.46
2016-04-06 16:00:00,21188682.0,54.36,55.2,54.21
2016-04-07 16:00:00,19225092.0,54.87,54.91,54.23
2016-04-08 16:00:00,22167223.0,54.67,55.28,54.32
2016-04-11 16:00:00,21414227.0,54.49,55.15,54.3
2016-04-12 16:00:00,24944288.0,54.37,54.78,53.76
2016-04-13 16:00:00,20817961.0,55.12,55.44,54.89
2016-04-14 16:00:00,20877108.0,55.22,55.58,55.07
2016-04-15 16:00:00,28793753.0,55.3,55.92,55.11
2016-04-18 16:00:00,23785950.0,55.49,56.59,55.21
2016-04-19 16:00:00,29596827.0,56.63,56.77,55.68
2016-04-20 16:00:00,36195714.0,56.29,56.5,55.49
2016-04-21 16:00:00,38909096.0,55.8,56.23,55.42
2016-04-22 16:00:00,126834091.0,51.91,52.43,50.77
2016-04-25 16:00:00,33226948.0,51.78,52.13,51.63
2016-04-26 16:00:00,33532636.0,52.26,52.35,51.09
2016-04-27 16:00:00,43369256.0,51.48,51.5,50.55
2016-04-28 16:00:00,43134846.0,50.62,50.77,49.56
2016-04-29 16:00:00,48411684.0,49.35,50.25,49.35
2016-05-02 16:00:00,33114539.0,50.0,50.75,49.78
2016-05-03 16:00:00,26460244.0,50.34,50.41,49.6
2016-05-04 16:00:00,24257556.0,49.84,50.06,49.46
2016-05-05 16:00:00,25390718.0,49.87,50.3,49.73
2016-05-06 16:00:00,24787301.0,49.92,50.39,49.66
2016-05-09 16:00:00,17951598.0,50.49,50.59,50.0
2016-05-10 16:00:00,22890966.0,50.33,51.1,50.19
2016-05-11 16:00:00,24039140.0,51.13,51.78,51.0
2016-05-12 16:00:00,24102781.0,51.2,51.81,50.92
2016-05-13 16:00:00,22592342.0,51.44,51.9,51.04
2016-05-16 16:00:00,20032017.0,50.8,51.96,50.75
2016-05-17 16:00:00,27803514.0,51.72,51.73,50.36
2016-05-18 16:00:00,24907532.0,50.48,51.14,50.3
2016-05-19 16:00:00,23842358.0,50.47,50.62,49.82
2016-05-20 16:00:00,23905769.0,50.48,51.22,50.4
2016-05-23 16:00:00,26118720.0,50.6,50.68,49.98
2016-05-24 16:00:00,34757944.0,50.7,51.71,50.4
2016-05-25 16:00:00,24204566.0,51.92,52.49,51.79
2016-05-26 16:00:00,24335223.0,51.93,51.98,51.36
2016-05-27 16:00:00,17721438.0,51.92,52.32,51.77
2016-05-31 16:00:00,37653081.0,52.26,53.0,52.08
2016-06-01 16:00:00,25324828.0,52.44,52.95,52.44
2016-06-02 16:00:00,22840779.0,52.64,52.74,51.84
2016-06-03 16:00:00,23368291.0,52.38,52.42,51.6
2016-06-06 16:00:00,18243271.0,51.99,52.35,51.89
2016-06-07 16:00:00,20866770.0,52.24,52.73,52.1
2016-06-08 16:00:00,21149438.0,52.02,52.44,51.87
2016-06-09 16:00:00,20305664.0,52.0,52.0,51.49
2016-06-10 16:00:00,25833151.0,51.05,52.05,51.04
2016-06-13 16:00:00,83217844.0,49.58,50.72,49.06
2016-06-14 16:00:00,42577106.0,49.9,50.1,49.57
2016-06-15 16:00:00,33757639.0,49.78,50.12,49.69
2016-06-16 16:00:00,31188605.0,49.52,50.47,49.51
2016-06-17 16:00:00,45710516.0,50.41,50.43,49.82
2016-06-20 16:00:00,35607946.0,50.64,50.83,50.03
2016-06-21 16:00:00,34097825.0,50.2,51.43,50.16
2016-06-22 16:00:00,28816848.0,51.08,51.46,50.95
2016-06-23 16:00:00,29028833.0,51.28,52.06,51.15
2016-06-24 16:00:00,133502985.0,49.81,50.94,49.52
2016-06-27 16:00:00,50576699.0,49.1,49.15,48.04
2016-06-28 16:00:00,38140658.0,48.92,49.47,48.67
2016-06-29 16:00:00,31304021.0,49.91,50.72,49.8
2016-06-30 16:00:00,28527781.0,50.72,51.3,50.5
2016-07-01 16:00:00,21400392.0,51.13,51.72,51.07
2016-07-05 16:00:00,24806351.0,50.83,51.28,50.74
2016-07-06 16:00:00,28167461.0,50.78,51.54,50.39
2016-07-07 16:00:00,19585194.0,51.42,51.61,51.07
2016-07-08 16:00:00,28391026.0,51.73,52.36,51.55
2016-07-11 16:00:00,22269203.0,52.5,52.83,52.47
2016-07-12 16:00:00,27317555.0,52.94,53.4,52.79
2016-07-13 16:00:00,25356841.0,53.56,53.86,53.18
2016-07-14 16:00:00,24545520.0,53.84,53.99,53.58
2016-07-15 16:00:00,32024385.0,53.95,54.0,53.21
2016-07-18 16:00:00,31433864.0,53.7,54.34,53.55
2016-07-19 16:00:00,53336533.0,53.71,53.9,52.93
2016-07-20 16:00:00,89893301.0,56.15,56.84,55.53
2016-07-21 16:00:00,32776653.0,55.98,56.23,55.76
2016-07-22 16:00:00,32157167.0,56.08,56.63,55.78
2016-07-25 16:00:00,25610587.0,56.47,56.74,56.26
2016-07-26 16:00:00,28078995.0,56.52,57.29,56.51
2016-07-27 16:00:00,32327477.0,56.61,56.8,56.11
2016-07-28 16:00:00,37550411.0,56.0,56.37,55.72
2016-07-29 16:00:00,30558718.0,56.26,56.76,56.05
2016-08-01 16:00:00,26003419.0,56.6,56.75,56.14
2016-08-02 16:00:00,35121958.0,56.85,56.9,56.31
2016-08-03 16:00:00,22075616.0,56.68,57.11,56.49
2016-08-04 16:00:00,26587749.0,56.8,57.52,56.67
2016-08-05 16:00:00,29335221.0,57.65,58.21,57.45
2016-08-08 16:00:00,19473499.0,58.06,58.09,57.78
2016-08-09 16:00:00,16920721.0,58.17,58.5,58.02
2016-08-10 16:00:00,15756913.0,58.16,58.32,57.82
2016-08-11 16:00:00,18162301.0,58.03,58.45,58.03
2016-08-12 16:00:00,21655161.0,58.03,58.19,57.62
2016-08-15 16:00:00,19283902.0,58.01,58.5,57.96
2016-08-16 16:00:00,20523493.0,57.61,57.62,57.27
2016-08-17 16:00:00,18856423.0,57.54,57.68,57.23
2016-08-18 16:00:00,14214341.0,57.42,57.7,57.27
2016-08-19 16:00:00,17271044.0,57.43,57.73,57.2
2016-08-22 16:00:00,15221922.0,57.6,57.75,57.26
2016-08-23 16:00:00,18732373.0,57.9,58.18,57.85
2016-08-24 16:00:00,18151506.0,57.8,58.04,57.72
2016-08-25 16:00:00,18552579.0,57.88,58.29,57.78
2016-08-26 16:00:00,20971202.0,58.28,58.7,57.69
2016-08-29 16:00:00,16417207.0,58.18,58.6,58.1
2016-08-30 16:00:00,16930185.0,57.98,58.19,57.61
2016-08-31 16:00:00,20860269.0,57.65,57.8,57.3
2016-09-01 16:00:00,26075363.0,57.01,57.82,57.01
2016-09-02 16:00:00,18900489.0,57.67,58.19,57.42
2016-09-06 16:00:00,16278416.0,57.78,57.8,57.21
2016-09-07 16:00:00,17493359.0,57.47,57.84,57.41
2016-09-08 16:00:00,20146083.0,57.63,57.79,57.18
2016-09-09 16:00:00,35113934.0,56.79,57.52,56.21
2016-09-12 16:00:00,29302962.0,56.0,57.21,55.61
2016-09-13 16:00:00,30130213.0,56.5,56.65,56.05
2016-09-14 16:00:00,24274273.0,56.39,56.63,56.03
2016-09-15 16:00:00,27062614.0,56.15,57.35,55.98
2016-09-16 16:00:00,44606965.0,57.63,57.63,56.75
2016-09-19 16:00:00,20937104.0,57.27,57.75,56.85
2016-09-20 16:00:00,17383982.0,57.35,57.35,56.75
2016-09-21 16:00:00,33707272.0,57.51,57.85,57.08
2016-09-22 16:00:00,19822203.0,57.92,58.0,57.63
2016-09-23 16:00:00,19955336.0,57.87,57.91,57.38
2016-09-26 16:00:00,21688720.0,57.08,57.14,56.83
2016-09-27 16:00:00,28065071.0,56.93,58.06,56.68
2016-09-28 16:00:00,20536400.0,57.88,58.06,57.67
2016-09-29 16:00:00,25463536.0,57.81,58.17,57.21
2016-09-30 16:00:00,29910788.0,57.57,57.77,57.34
2016-10-03 16:00:00,19189515.0,57.41,57.55,57.06
2016-10-04 16:00:00,20085874.0,57.27,57.6,56.97
2016-10-05 16:00:00,16726411.0,57.29,57.96,57.26
2016-10-06 16:00:00,16212611.0,57.74,57.86,57.28
2016-10-07 16:00:00,20089020.0,57.85,57.98,57.42
2016-10-10 16:00:00,18196509.0,57.91,58.39,57.87
2016-10-11 16:00:00,26497418.0,57.89,58.02,56.89
2016-10-12 16:00:00,22177464.0,57.11,57.27,56.4
2016-10-13 16:00:00,25313748.0,56.7,57.3,56.32
2016-10-14 16:00:00,27402451.0,57.12,57.74,57.12
2016-10-17 16:00:00,23830014.0,57.36,57.46,56.87
2016-10-18 16:00:00,19149538.0,57.53,57.95,57.41
2016-10-19 16:00:00,22878397.0,57.47,57.84,57.4
2016-10-20 16:00:00,49455612.0,57.5,57.52,56.66
2016-10-21 16:00:00,80032206.0,60.28,60.45,59.49
2016-10-24 16:00:00,54066978.0,59.94,61.0,59.93
2016-10-25 16:00:00,35137164.0,60.85,61.37,60.8
2016-10-26 16:00:00,29911608.0,60.81,61.2,60.47
2016-10-27 16:00:00,28479856.0,60.61,60.83,60.09
2016-10-28 16:00:00,33574684.0,60.01,60.52,59.58
2016-10-31 16:00:00,26434697.0,60.16,60.42,59.92
2016-11-01 16:00:00,24532986.0,59.97,60.02,59.25
2016-11-02 16:00:00,22147005.0,59.82,59.93,59.3
2016-11-03 16:00:00,21600427.0,59.53,59.64,59.11
2016-11-04 16:00:00,28697016.0,58.65,59.28,58.52
2016-11-07 16:00:00,31664798.0,59.78,60.52,59.78
2016-11-08 16:00:00,22935355.0,60.55,60.78,60.15
2016-11-09 16:00:00,49632479.0,60.0,60.59,59.2
2016-11-10 16:00:00,57822394.0,60.48,60.49,57.63
2016-11-11 16:00:00,38767843.0,58.23,59.12,58.01
2016-11-14 16:00:00,41328422.0,59.02,59.08,57.28
2016-11-15 16:00:00,35904126.0,58.33,59.49,58.32
2016-11-16 16:00:00,27332475.0,58.94,59.66,58.81
2016-11-17 16:00:00,32132728.0,60.41,60.95,59.97
2016-11-18 16:00:00,27686311.0,60.78,61.14,60.3
2016-11-21 16:00:00,19652595.0,60.5,60.97,60.42
2016-11-22 16:00:00,23206700.0,60.98,61.26,60.81
2016-11-23 16:00:00,21848913.0,61.01,61.1,60.25
2016-11-25 16:00:00,8409616.0,60.3,60.53,60.13
2016-11-28 16:00:00,20732619.0,60.34,61.02,60.21
2016-11-29 16:00:00,22366721.0,60.65,61.41,60.52
2016-11-30 16:00:00,34655435.0,60.86,61.18,60.22
2016-12-01 16:00:00,34542121.0,60.11,60.15,58.94
2016-12-02 16:00:00,25515665.0,59.08,59.47,58.8
2016-12-05 16:00:00,23552658.0,59.7,60.59,59.56
2016-12-06 16:00:00,19907035.0,60.43,60.46,59.8
2016-12-07 16:00:00,30808969.0,60.01,61.38,59.8
2016-12-08 16:00:00,21220753.0,61.3,61.58,60.84
2016-12-09 16:00:00,27349356.0,61.18,61.99,61.13
2016-12-12 16:00:00,20198081.0,61.82,62.3,61.72
2016-12-13 16:00:00,35718868.0,62.5,63.42,62.24
2016-12-14 16:00:00,30352654.0,63.0,63.45,62.53
2016-12-15 16:00:00,27669868.0,62.7,63.15,62.3
2016-12-16 16:00:00,42453083.0,62.95,62.95,62.12
2016-12-19 16:00:00,34338219.0,62.56,63.77,62.42
2016-12-20 16:00:00,26028379.0,63.69,63.8,63.03
2016-12-21 16:00:00,17096304.0,63.43,63.7,63.12
2016-12-22 16:00:00,22176585.0,63.84,64.1,63.41
2016-12-23 16:00:00,12403819.0,63.45,63.54,62.8
2016-12-27 16:00:00,11763173.0,63.21,64.07,63.21
2016-12-28 16:00:00,14653348.0,63.4,63.4,62.83
2016-12-29 16:00:00,10250582.0,62.86,63.2,62.73
2016-12-30 16:00:00,25579908.0,62.96,62.99,62.03
2017-01-03 16:00:00,20694101.0,62.79,62.84,62.13
2017-01-04 16:00:00,21339969.0,62.48,62.75,62.12
2017-01-05 16:00:00,24875968.0,62.19,62.66,62.03
2017-01-06 16:00:00,19922919.0,62.3,63.15,62.04
2017-01-09 16:00:00,20382730.0,62.76,63.08,62.54
2017-01-10 16:00:00,18593004.0,62.73,63.07,62.28
2017-01-11 16:00:00,21517335.0,62.61,63.23,62.43
2017-01-12 16:00:00,20968223.0,63.06,63.4,61.95
2017-01-13 16:00:00,19422310.0,62.62,62.87,62.35
2017-01-17 16:00:00,20663983.0,62.68,62.7,62.03
2017-01-18 16:00:00,19670102.0,62.67,62.7,62.12
2017-01-19 16:00:00,18451655.0,62.24,62.98,62.2
2017-01-20 16:00:00,30213462.0,62.67,62.82,62.37
2017-01-23 16:00:00,23097581.0,62.7,63.12,62.57
2017-01-24 16:00:00,24672940.0,63.2,63.74,62.94
2017-01-25 16:00:00,24654933.0,63.95,64.1,63.45
2017-01-26 16:00:00,43554645.0,64.12,64.54,63.55
2017-01-27 16:00:00,44817972.0,65.39,65.91,64.89
2017-01-30 16:00:00,31651445.0,65.69,65.79,64.8
2017-01-31 16:00:00,25270549.0,64.86,65.15,64.26
2017-02-01 16:00:00,39671528.0,64.36,64.62,63.47
2017-02-02 16:00:00,45827013.0,63.25,63.41,62.75
2017-02-03 16:00:00,30301759.0,63.5,63.7,63.07
2017-02-06 16:00:00,19796360.0,63.5,63.65,63.14
2017-02-07 16:00:00,20277226.0,63.74,63.78,63.23
2017-02-08 16:00:00,18096358.0,63.57,63.81,63.22
2017-02-09 16:00:00,22644443.0,63.52,64.44,63.32
2017-02-10 16:00:00,18170729.0,64.25,64.3,63.98
2017-02-13 16:00:00,22920101.0,64.24,64.86,64.13
2017-02-14 16:00:00,23108426.0,64.41,64.72,64.02
2017-02-15 16:00:00,17005157.0,64.5,64.57,64.16
2017-02-16 16:00:00,20546345.0,64.74,65.24,64.44
2017-02-17 16:00:00,21248818.0,64.47,64.69,64.3
2017-02-21 16:00:00,20655869.0,64.61,64.95,64.45
2017-02-22 16:00:00,19292651.0,64.33,64.39,64.05
2017-02-23 16:00:00,20273128.0,64.42,64.73,64.19
2017-02-24 16:00:00,21796800.0,64.53,64.8,64.14
2017-02-27 16:00:00,15871507.0,64.54,64.54,64.05
2017-02-28 16:00:00,23239825.0,64.08,64.2,63.76
2017-03-01 16:00:00,26937459.0,64.13,64.99,64.02
2017-03-02 16:00:00,24539597.0,64.69,64.75,63.88
2017-03-03 16:00:00,18139405.0,63.99,64.28,63.62
2017-03-06 16:00:00,18750255.0,63.97,64.56,63.81
2017-03-07 16:00:00,18520987.0,64.19,64.78,64.19
2017-03-08 16:00:00,21510907.0,64.26,65.08,64.25
2017-03-09 16:00:00,19846832.0,65.19,65.2,64.48
2017-03-10 16:00:00,19538245.0,65.11,65.26,64.75
2017-03-13 16:00:00,20100035.0,65.14,65.19,64.57
2017-03-14 16:00:00,14280202.0,64.53,64.55,64.15
2017-03-15 16:00:00,24833810.0,64.55,64.92,64.25
2017-03-16 16:00:00,20674296.0,64.75,64.76,64.3
2017-03-17 16:00:00,49219686.0,64.91,65.24,64.68
2017-03-20 16:00:00,14598083.0,64.91,65.18,64.72
2017-03-21 16:00:00,26640480.0,65.19,65.5,64.13
2017-03-22 16:00:00,20680015.0,64.12,65.14,64.12
2017-03-23 16:00:00,19269203.0,64.94,65.24,64.77
2017-03-24 16:00:00,22617105.0,65.12,65.45,64.76
2017-03-27 16:00:00,18614662.0,64.63,65.22,64.35
2017-03-28 16:00:00,20080358.0,64.96,65.47,64.65
2017-03-29 16:00:00,13618424.0,65.12,65.5,64.95
2017-03-30 16:00:00,15122823.0,65.42,65.98,65.36
2017-03-31 16:00:00,21040331.0,65.65,66.19,65.45
2017-04-03 16:00:00,20400871.0,65.81,65.94,65.19
2017-04-04 16:00:00,12997449.0,65.39,65.81,65.28
2017-04-05 16:00:00,21448594.0,66.3,66.35,65.44
2017-04-06 16:00:00,18103453.0,65.6,66.06,65.48
2017-04-07 16:00:00,14108533.0,65.85,65.96,65.44
2017-04-10 16:00:00,17952742.0,65.61,65.82,65.36
2017-04-11 16:00:00,18791533.0,65.6,65.61,64.85
2017-04-12 16:00:00,17108513.0,65.42,65.51,65.11
2017-04-13 16:00:00,17896483.0,65.29,65.86,64.95
2017-04-17 16:00:00,16689265.0,65.04,65.49,65.01
2017-04-18 16:00:00,15155611.0,65.33,65.71,65.16
2017-04-19 16:00:00,26992771.0,65.65,65.75,64.89
2017-04-20 16:00:00,22299477.0,65.46,65.75,65.14
2017-04-21 16:00:00,32522645.0,65.67,66.7,65.45
2017-04-24 16:00:00,29769976.0,67.48,67.66,67.1
2017-04-25 16:00:00,30242730.0,67.9,68.04,67.6
2017-04-26 16:00:00,26190770.0,68.08,68.31,67.62
2017-04-27 16:00:00,34970953.0,68.15,68.38,67.58
2017-04-28 16:00:00,39548818.0,68.91,69.14,67.69
2017-05-01 16:00:00,31954362.0,68.68,69.55,68.5
2017-05-02 16:00:00,23906119.0,69.71,69.71,69.13
2017-05-03 16:00:00,28927973.0,69.38,69.38,68.71
2017-05-04 16:00:00,21749409.0,69.03,69.08,68.64
2017-05-05 16:00:00,19128782.0,68.9,69.03,68.49
2017-05-08 16:00:00,18566087.0,68.97,69.05,68.42
2017-05-09 16:00:00,22858414.0,68.86,69.28,68.68
2017-05-10 16:00:00,17977830.0,68.99,69.56,68.92
2017-05-11 16:00:00,28789413.0,68.36,68.73,68.12
2017-05-12 16:00:00,18714123.0,68.61,68.61,68.04
2017-05-15 16:00:00,31530301.0,68.14,68.48,67.57
2017-05-16 16:00:00,34956038.0,68.23,69.44,68.16
2017-05-17 16:00:00,30548781.0,68.89,69.1,67.43
2017-05-18 16:00:00,25201274.0,67.4,68.13,67.14
2017-05-19 16:00:00,26961119.0,67.5,68.1,67.43
2017-05-22 16:00:00,16237550.0,67.89,68.5,67.5
2017-05-23 16:00:00,15425824.0,68.72,68.75,68.38
2017-05-24 16:00:00,14666865.0,68.87,68.88,68.45
2017-05-25 16:00:00,21854095.0,68.97,69.88,68.91
2017-05-26 16:00:00,19827923.0,69.8,70.22,69.52
2017-05-30 16:00:00,17072838.0,69.79,70.41,69.77
2017-05-31 16:00:00,30436364.0,70.53,70.74,69.81
2017-06-01 16:00:00,21603601.0,70.24,70.61,69.45
2017-06-02 16:00:00,34770261.0,70.44,71.86,70.24
2017-06-05 16:00:00,33316760.0,71.97,72.89,71.81
2017-06-06 16:00:00,31511065.0,72.3,72.62,72.27
2017-06-07 16:00:00,22301765.0,72.64,72.77,71.95
2017-06-08 16:00:00,24588270.0,72.51,72.52,71.5
2017-06-09 16:00:00,49187396.0,72.04,72.08,68.59
2017-06-12 16:00:00,47761743.0,69.25,69.94,68.13
2017-06-13 16:00:00,25258614.0,70.02,70.82,69.96
2017-06-14 16:00:00,25510685.0,70.91,71.1,69.43
2017-06-15 16:00:00,26068709.0,69.27,70.21,68.8
2017-06-16 16:00:00,48345085.0,69.73,70.03,69.22
2017-06-19 16:00:00,23798268.0,70.5,70.94,70.35
2017-06-20 16:00:00,21512231.0,70.82,70.87,69.87
2017-06-21 16:00:00,19891051.0,70.21,70.62,69.94
2017-06-22 16:00:00,22965738.0,70.54,70.59,69.71
2017-06-23 16:00:00,27617291.0,70.09,71.25,69.92
2017-06-26 16:00:00,19606974.0,71.4,71.71,70.44
2017-06-27 16:00:00,25215128.0,70.11,70.18,69.18
2017-06-28 16:00:00,25806200.0,69.21,69.84,68.79
2017-06-29 16:00:00,28918715.0,69.38,69.49,68.09
2017-06-30 16:00:00,24161068.0,68.78,69.38,68.74
2017-07-03 16:00:00,16165538.0,69.33,69.6,68.02
2017-07-05 16:00:00,21176272.0,68.26,69.44,68.22
2017-07-06 16:00:00,21117572.0,68.27,68.78,68.12
2017-07-07 16:00:00,16878317.0,68.7,69.84,68.7
2017-07-10 16:00:00,15014503.0,69.46,70.25,69.2
2017-07-11 16:00:00,17460022.0,70.0,70.68,69.75
2017-07-12 16:00:00,17750925.0,70.69,71.28,70.55
2017-07-13 16:00:00,20269816.0,71.5,72.04,71.31
2017-07-14 16:00:00,25868086.0,72.24,73.27,71.96
2017-07-17 16:00:00,21803907.0,72.8,73.45,72.72
2017-07-18 16:00:00,26435296.0,73.09,73.39,72.66
2017-07-19 16:00:00,22416222.0,73.5,74.04,73.45
2017-07-20 16:00:00,42361025.0,74.18,74.3,73.28
2017-07-21 16:00:00,46717082.0,73.45,74.29,73.17
2017-07-24 16:00:00,21394826.0,73.53,73.75,73.13
2017-07-25 16:00:00,22018681.0,73.8,74.31,73.5
2017-07-26 16:00:00,16252233.0,74.34,74.38,73.81
2017-07-27 16:00:00,36844220.0,73.76,74.42,72.32
2017-07-28 16:00:00,18306680.0,72.67,73.31,72.54
2017-07-31 16:00:00,23600054.0,73.3,73.44,72.41
2017-08-01 16:00:00,20823890.0,73.1,73.42,72.49
2017-08-02 16:00:00,26499158.0,72.55,72.56,71.44
2017-08-03 16:00:00,18214424.0,72.19,72.44,71.85
2017-08-04 16:00:00,22578952.0,72.4,73.04,72.24
2017-08-07 16:00:00,18705681.0,72.8,72.9,72.26
2017-08-08 16:00:00,22044587.0,72.09,73.13,71.75
2017-08-09 16:00:00,22213410.0,72.25,72.51,72.05
2017-08-10 16:00:00,24734461.0,71.9,72.19,71.35
2017-08-11 16:00:00,21443675.0,71.61,72.7,71.28
2017-08-14 16:00:00,20096592.0,73.06,73.72,72.95
2017-08-15 16:00:00,19181402.0,73.59,73.59,73.04
2017-08-16 16:00:00,18150402.0,73.34,74.1,73.17
2017-08-17 16:00:00,22977519.0,73.58,73.87,72.4
2017-08-18 16:00:00,18761491.0,72.27,72.84,71.93
2017-08-21 16:00:00,17734767.0,72.47,72.48,71.7
2017-08-22 16:00:00,14343674.0,72.35,73.24,72.35
2017-08-23 16:00:00,13766507.0,72.96,73.15,72.53
2017-08-24 16:00:00,17098282.0,72.74,72.86,72.07
2017-08-25 16:00:00,12794301.0,72.86,73.35,72.48
2017-08-28 16:00:00,14569715.0,73.06,73.09,72.55
2017-08-29 16:00:00,11478382.0,72.25,73.16,72.05
2017-08-30 16:00:00,16897801.0,73.01,74.21,72.83
2017-08-31 16:00:00,27652811.0,74.03,74.96,73.8
2017-09-01 16:00:00,21736161.0,74.71,74.74,73.64
2017-09-05 16:00:00,22242384.0,73.34,73.89,72.98
2017-09-06 16:00:00,16535785.0,73.74,74.04,73.35
2017-09-07 16:00:00,17471200.0,73.68,74.6,73.6
2017-09-08 16:00:00,14703816.0,74.33,74.44,73.84
2017-09-11 16:00:00,17910383.0,74.31,74.94,74.31
2017-09-12 16:00:00,14394850.0,74.76,75.24,74.37
2017-09-13 16:00:00,13380802.0,74.93,75.23,74.55
2017-09-14 16:00:00,15733914.0,75.0,75.49,74.52
2017-09-15 16:00:00,38578441.0,74.83,75.39,74.07
2017-09-18 16:00:00,23306959.0,75.23,75.97,75.04
2017-09-19 16:00:00,16093344.0,75.21,75.71,75.01
2017-09-20 16:00:00,21587878.0,75.35,75.55,74.31
2017-09-21 16:00:00,19186140.0,75.11,75.24,74.11
2017-09-22 16:00:00,14111365.0,73.99,74.51,73.85
2017-09-25 16:00:00,24149163.0,74.09,74.25,72.92
2017-09-26 16:00:00,18019577.0,73.67,73.81,72.99
2017-09-27 16:00:00,19565135.0,73.55,74.17,73.17
2017-09-28 16:00:00,10883787.0,73.54,73.97,73.31
2017-09-29 16:00:00,17079114.0,73.94,74.54,73.88
2017-10-02 16:00:00,15304762.0,74.71,75.01,74.3
2017-10-03 16:00:00,12190403.0,74.67,74.88,74.19
2017-10-04 16:00:00,13317681.0,74.0,74.72,73.71
2017-10-05 16:00:00,21195261.0,75.22,76.12,74.96
2017-10-06 16:00:00,13959814.0,75.67,76.03,75.54
2017-10-09 16:00:00,11386502.0,75.97,76.55,75.86
2017-10-10 16:00:00,13944545.0,76.33,76.63,76.14
2017-10-11 16:00:00,15388898.0,76.36,76.46,75.95
2017-10-12 16:00:00,16876538.0,76.49,77.29,76.37
2017-10-13 16:00:00,15335742.0,77.59,77.87,77.29
2017-10-16 16:00:00,12380093.0,77.42,77.81,77.35
2017-10-17 16:00:00,16823989.0,77.47,77.62,77.25
2017-10-18 16:00:00,13300701.0,77.67,77.85,77.37
2017-10-19 16:00:00,15092758.0,77.57,77.93,77.35
2017-10-20 16:00:00,22866426.0,78.32,78.97,78.22
2017-10-23 16:00:00,20627173.0,78.99,79.34,78.76
2017-10-24 16:00:00,17517182.0,78.9,79.2,78.46
2017-10-25 16:00:00,20410808.0,78.58,79.1,78.01
2017-10-26 16:00:00,32120717.0,79.2,79.42,78.75
2017-10-27 16:00:00,71066729.0,84.37,86.2,83.61
2017-10-30 16:00:00,31756653.0,83.7,84.33,83.11
2017-10-31 16:00:00,27086575.0,84.36,84.36,83.11
2017-11-01 16:00:00,22307371.0,83.68,83.76,82.88
2017-11-02 16:00:00,23992945.0,83.35,84.46,83.12
2017-11-03 16:00:00,17633543.0,84.08,84.54,83.4
2017-11-06 16:00:00,19860852.0,84.2,84.7,84.08
2017-11-07 16:00:00,17939727.0,84.77,84.9,83.93
2017-11-08 16:00:00,18034170.0,84.14,84.61,83.83
2017-11-09 16:00:00,21178356.0,84.11,84.27,82.9
2017-11-10 16:00:00,19397793.0,83.79,84.1,83.23
2017-11-13 16:00:00,14196896.0,83.66,83.94,83.46
2017-11-14 16:00:00,18801280.0,83.5,84.1,82.98
2017-11-15 16:00:00,19383102.0,83.47,83.69,82.69
2017-11-16 16:00:00,20962750.0,83.1,83.42,82.94
2017-11-17 16:00:00,22078993.0,83.12,83.12,82.24
2017-11-20 16:00:00,16314978.0,82.4,82.59,82.25
2017-11-21 16:00:00,21237454.0,82.74,83.84,82.74
2017-11-22 16:00:00,20553089.0,83.83,83.9,83.04
2017-11-24 13:00:00,7425603.0,83.01,83.43,82.78
2017-11-27 16:00:00,18265242.0,83.31,83.98,83.3
2017-11-28 16:00:00,21925959.0,84.07,85.06,84.02
2017-11-29 16:00:00,27381109.0,84.71,84.92,83.18
2017-11-30 16:00:00,33054647.0,83.51,84.52,83.34
2017-12-01 16:00:00,29532132.0,83.6,84.81,83.22
2017-12-04 16:00:00,39094880.0,84.42,84.43,80.7
2017-12-05 16:00:00,26152261.0,81.34,82.68,80.98
2017-12-06 16:00:00,26162054.0,81.55,83.14,81.43
2017-12-07 16:00:00,23184547.0,82.54,82.8,82.0
2017-12-08 16:00:00,24489106.0,83.63,84.58,83.33
2017-12-11 16:00:00,22857854.0,84.29,85.37,84.12
2017-12-12 16:00:00,23924105.0,85.31,86.05,85.08
2017-12-13 16:00:00,22062679.0,85.74,86.0,85.17
2017-12-14 16:00:00,19305961.0,85.43,85.87,84.53
2017-12-15 16:00:00,53936687.0,85.26,87.09,84.88
2017-12-18 16:00:00,22283752.0,87.12,87.5,86.23
2017-12-19 16:00:00,23524787.0,86.35,86.35,85.27
2017-12-20 16:00:00,23674931.0,86.2,86.3,84.71
2017-12-21 16:00:00,17990745.0,86.05,86.1,85.4
2017-12-22 16:00:00,14145841.0,85.4,85.63,84.92
2017-12-26 16:00:00,9891237.0,85.31,85.53,85.03
2017-12-27 16:00:00,14678025.0,85.65,85.98,85.22
2017-12-28 16:00:00,10594344.0,85.9,85.93,85.55
2017-12-29 16:00:00,18717406.0,85.63,86.05,85.5
2018-01-02 16:00:00,22483797.0,86.13,86.31,85.5
2018-01-03 16:00:00,26061439.0,86.06,86.51,85.97
2018-01-04 16:00:00,21911974.0,86.59,87.66,86.57
2018-01-05 16:00:00,23407110.0,87.66,88.41,87.43
2018-01-08 16:00:00,22113049.0,88.2,88.58,87.6
2018-01-09 16:00:00,19484317.0,88.65,88.73,87.86
2018-01-10 16:00:00,18652201.0,87.86,88.19,87.41
2018-01-11 16:00:00,17808877.0,88.13,88.13,87.24
2018-01-12 16:00:00,24271531.0,88.67,89.78,88.45
2018-01-16 16:00:00,36599736.0,90.1,90.79,88.01
2018-01-17 16:00:00,25621164.0,89.08,90.28,88.75
2018-01-18 16:00:00,24159683.0,89.8,90.67,89.66
2018-01-19 16:00:00,36875013.0,90.14,90.61,89.66
2018-01-22 16:00:00,23601555.0,90.0,91.62,89.74
2018-01-23 16:00:00,23412841.0,91.9,92.3,91.54
2018-01-24 16:00:00,33277483.0,92.55,93.43,91.58
2018-01-25 16:00:00,26383238.0,92.47,93.24,91.93
2018-01-26 16:00:00,29172167.0,93.12,94.06,92.58
2018-01-29 16:00:00,31569940.0,95.14,95.45,93.72
2018-01-30 16:00:00,38635053.0,93.3,93.66,92.1
2018-01-31 16:00:00,48756338.0,93.75,95.4,93.51
2018-02-01 16:00:00,47227882.0,94.79,96.07,93.58
2018-02-02 16:00:00,47867753.0,93.64,93.97,91.5
2018-02-05 16:00:00,51031465.0,90.56,93.24,88.0
2018-02-06 16:00:00,67998564.0,86.89,91.48,85.25
2018-02-07 16:00:00,41107592.0,90.49,91.77,89.2
2018-02-08 16:00:00,55628657.0,89.71,89.88,84.76
2018-02-09 16:00:00,63499065.0,86.3,88.93,83.83
2018-02-12 16:00:00,35720341.0,88.74,89.78,87.93
2018-02-13 16:00:00,26407702.0,88.93,90.0,87.8
2018-02-14 16:00:00,34960912.0,88.51,90.99,88.41
2018-02-15 16:00:00,27823866.0,91.21,92.72,90.62
2018-02-16 16:00:00,30596919.0,92.45,93.5,91.8
2018-02-20 16:00:00,30911725.0,91.48,93.06,91.01
2018-02-21 16:00:00,26922503.0,92.98,93.36,91.49
2018-02-22 16:00:00,24392753.0,92.05,92.73,91.36
2018-02-23 16:00:00,26329226.0,92.75,94.07,92.36
2018-02-26 16:00:00,30199846.0,94.4,95.45,94.25
2018-02-27 16:00:00,25869119.0,95.74,95.84,94.2
2018-02-28 16:00:00,31167338.0,94.84,95.71,93.63
2018-03-01 16:00:00,37135561.0,93.99,94.57,91.84
2018-03-02 16:00:00,32830389.0,91.58,93.15,90.86
2018-03-05 16:00:00,23901578.0,92.34,94.27,92.26
2018-03-06 16:00:00,22175776.0,94.34,94.49,92.94
2018-03-07 16:00:00,26716127.0,93.16,93.94,92.43
2018-03-08 16:00:00,25887828.0,94.27,95.1,93.77
2018-03-09 16:00:00,36937254.0,95.29,96.54,95.0
2018-03-12 16:00:00,26073742.0,96.5,97.21,96.04
2018-03-13 16:00:00,35387817.0,97.0,97.24,93.97
2018-03-14 16:00:00,32131981.0,95.12,95.41,93.5
2018-03-15 16:00:00,27610998.0,93.53,94.58,92.83
2018-03-16 16:00:00,49081279.0,94.68,95.38,93.92
2018-03-19 16:00:00,33344085.0,93.74,93.9,92.11
2018-03-20 16:00:00,23075240.0,93.05,93.77,93.0
2018-03-21 16:00:00,24457082.0,92.93,94.05,92.21
2018-03-22 16:00:00,38604715.0,91.27,91.75,89.66
2018-03-23 16:00:00,44068949.0,89.5,90.46,87.08
2018-03-26 16:00:00,56396780.0,90.61,94.0,90.4
2018-03-27 16:00:00,56569011.0,94.94,95.14,88.51
2018-03-28 16:00:00,52501146.0,89.82,91.23,88.87
2018-03-29 16:00:00,45867548.0,90.18,92.29,88.4
2018-04-02 16:00:00,48515417.0,90.47,90.88,87.51
2018-04-03 16:00:00,37213837.0,89.58,90.05,87.89
2018-04-04 16:00:00,35559956.0,87.85,92.76,87.73
2018-04-05 16:00:00,29771881.0,92.44,93.07,91.4
2018-04-06 16:00:00,38026000.0,91.49,92.46,89.48
2018-04-09 16:00:00,31533943.0,91.04,93.17,90.62
2018-04-10 16:00:00,26939883.0,92.39,93.28,91.64
2018-04-11 16:00:00,24872110.0,92.01,93.29,91.48
2018-04-12 16:00:00,26758879.0,92.43,94.16,92.43
2018-04-13 16:00:00,23346063.0,94.05,94.18,92.44
2018-04-16 16:00:00,20288083.0,94.07,94.66,93.42
2018-04-17 16:00:00,26771000.0,95.0,96.54,94.88
2018-04-18 16:00:00,21043287.0,96.22,96.72,95.52
2018-04-19 16:00:00,23552541.0,96.44,97.07,95.34
2018-04-20 16:00:00,31154377.0,95.91,96.11,94.05
2018-04-23 16:00:00,22331829.0,95.74,96.29,94.63
2018-04-24 16:00:00,34524799.0,96.24,96.47,92.41
2018-04-25 16:00:00,33729257.0,93.3,93.3,90.28
2018-04-26 16:00:00,42529043.0,93.55,95.15,93.1
2018-04-27 16:00:00,48272780.0,97.6,97.9,93.91
2018-04-30 16:00:00,41523605.0,96.33,96.4,93.15
2018-05-01 16:00:00,31408927.0,93.21,95.29,92.79
2018-05-02 16:00:00,27471002.0,94.99,95.17,93.19
2018-05-03 16:00:00,31142497.0,92.96,94.93,92.45
2018-05-04 16:00:00,22531325.0,93.32,95.37,92.92
2018-05-07 16:00:00,24242019.0,95.17,96.71,95.1
2018-05-08 16:00:00,23484589.0,95.85,96.16,95.06
2018-05-09 16:00:00,27327410.0,96.01,96.97,95.05
2018-05-10 16:00:00,22388119.0,97.46,97.95,97.05
2018-05-11 16:00:00,16778316.0,97.8,97.87,97.04
2018-05-14 16:00:00,19454124.0,97.92,98.69,97.31
2018-05-15 16:00:00,24594010.0,97.24,97.85,96.34
2018-05-16 16:00:00,17384742.0,97.36,97.4,96.62
2018-05-17 16:00:00,17246716.0,96.76,97.54,95.83
2018-05-18 16:00:00,17865840.0,96.01,96.93,96.01
2018-05-21 16:00:00,19422467.0,97.0,98.01,96.8
2018-05-22 16:00:00,15441189.0,97.68,98.17,97.2
2018-05-23 16:00:00,21251222.0,96.71,98.73,96.32
2018-05-24 16:00:00,26649287.0,98.73,98.94,96.81
2018-05-25 16:00:00,18363918.0,98.3,98.98,97.86
2018-05-29 16:00:00,28670981.0,97.84,98.88,97.23
2018-05-30 16:00:00,22158528.0,98.31,99.25,97.91
2018-05-31 16:00:00,34140891.0,99.29,99.99,98.61
2018-06-01 16:00:00,28655624.0,99.28,100.86,99.17
2018-06-04 16:00:00,27281623.0,101.26,101.86,100.85
2018-06-05 16:00:00,23514402.0,102.0,102.33,101.53
2018-06-06 16:00:00,21122917.0,102.48,102.6,101.9
2018-06-07 16:00:00,28232197.0,102.65,102.69,100.38
2018-06-08 16:00:00,22165128.0,101.09,101.95,100.54
2018-06-11 16:00:00,23490894.0,101.37,101.59,100.67
2018-06-12 16:00:00,18325228.0,101.1,101.45,100.75
2018-06-13 16:00:00,29492875.0,101.72,102.01,100.56
2018-06-14 16:00:00,25691811.0,101.65,102.03,101.0
2018-06-15 16:00:00,65738585.0,101.51,101.53,100.07
2018-06-18 16:00:00,23586037.0,100.01,101.11,99.42
2018-06-19 16:00:00,28653087.0,99.65,101.0,99.5
2018-06-20 16:00:00,26180792.0,101.37,102.52,101.12
2018-06-21 16:00:00,23198188.0,102.08,102.46,100.88
2018-06-22 16:00:00,38923105.0,100.41,100.77,99.63
2018-06-25 16:00:00,35433333.0,100.0,100.11,97.3
2018-06-26 16:00:00,26897244.0,98.82,100.08,98.75
2018-06-27 16:00:00,31298386.0,99.58,100.02,97.4
2018-06-28 16:00:00,26650671.0,97.38,99.11,97.26
2018-06-29 16:00:00,28053214.0,98.93,99.91,98.33
2018-07-02 16:00:00,19564521.0,98.1,100.06,98.0
2018-07-03 13:00:00,14670275.0,100.48,100.63,98.94
2018-07-05 16:00:00,18977402.0,99.5,99.92,99.03
2018-07-06 16:00:00,19234627.0,99.89,101.43,99.67
2018-07-09 16:00:00,18211980.0,101.65,102.25,101.25
2018-07-10 16:00:00,19293140.0,102.0,102.51,101.86
2018-07-11 16:00:00,19644648.0,101.15,102.34,101.1
2018-07-12 16:00:00,24335929.0,102.77,104.41,102.73
2018-07-13 16:00:00,24653500.0,104.37,105.6,104.09
2018-07-16 16:00:00,21786912.0,105.4,105.82,104.52
2018-07-17 16:00:00,25901726.0,104.61,106.5,104.32
2018-07-18 16:00:00,29493927.0,105.94,106.05,104.72
2018-07-19 16:00:00,40171646.0,104.93,105.31,103.89
2018-07-20 16:00:00,56038827.0,108.08,108.2,106.08
2018-07-23 16:00:00,29706955.0,106.3,108.14,106.13
2018-07-24 16:00:00,26316619.0,108.57,108.82,107.26
2018-07-25 16:00:00,30798058.0,107.96,111.15,107.6
2018-07-26 16:00:00,31372110.0,110.74,111.0,109.5
2018-07-27 16:00:00,37005292.0,110.18,110.18,106.14
2018-07-30 16:00:00,34668327.0,107.19,107.53,104.76
2018-07-31 16:00:00,27655152.0,106.49,106.72,105.38
2018-08-01 16:00:00,23628699.0,106.03,106.45,105.42
2018-08-02 16:00:00,26104258.0,105.4,108.09,104.84
2018-08-03 16:00:00,18659599.0,107.8,108.05,106.82
2018-08-06 16:00:00,20265947.0,108.12,108.42,107.56
2018-08-07 16:00:00,16080214.0,108.56,109.1,108.17
2018-08-08 16:00:00,15487502.0,109.33,109.75,108.76
2018-08-09 16:00:00,13677211.0,109.71,110.16,109.6
2018-08-10 16:00:00,18183724.0,109.42,109.69,108.38
2018-08-13 16:00:00,18474884.0,109.24,109.58,108.1
2018-08-14 16:00:00,16788314.0,108.56,109.75,108.04
2018-08-15 16:00:00,29982806.0,108.49,108.99,106.82
2018-08-16 16:00:00,21384289.0,108.3,108.86,107.3
2018-08-17 16:00:00,18061512.0,107.36,107.9,106.69
2018-08-20 16:00:00,17914201.0,107.51,107.9,106.48
2018-08-21 16:00:00,22881861.0,106.92,107.35,105.85
2018-08-22 16:00:00,18000639.0,105.85,107.34,105.78
2018-08-23 16:00:00,18167723.0,107.15,108.18,106.87
2018-08-24 16:00:00,17234020.0,107.67,108.56,107.56
2018-08-27 16:00:00,19662331.0,109.27,109.64,108.51
2018-08-28 16:00:00,19151528.0,109.94,110.5,109.79
2018-08-29 16:00:00,20818044.0,110.45,112.03,110.27
2018-08-30 16:00:00,22798702.0,111.67,112.61,111.44
2018-08-31 16:00:00,23222713.0,111.69,112.78,111.52
2018-09-04 16:00:00,22634641.0,110.85,111.96,110.22
2018-09-05 16:00:00,32872352.0,111.01,111.42,108.1
2018-09-06 16:00:00,23477624.0,108.25,108.99,107.51
2018-09-07 16:00:00,22498646.0,108.23,108.72,107.23
2018-09-10 16:00:00,20727906.0,108.84,109.64,108.36
2018-09-11 16:00:00,24301774.0,108.9,111.59,108.89
2018-09-12 16:00:00,18891064.0,111.43,111.85,110.51
2018-09-13 16:00:00,26055620.0,112.12,113.73,112.12
2018-09-14 16:00:00,19122349.0,113.36,113.73,112.44
2018-09-17 16:00:00,20736516.0,113.69,113.7,111.86
2018-09-18 16:00:00,22170934.0,112.19,113.7,111.72
2018-09-19 16:00:00,21728429.0,113.05,113.32,111.04
2018-09-20 16:00:00,23714512.0,112.28,113.8,111.93
2018-09-21 16:00:00,71229698.0,114.0,115.29,113.51
2018-09-24 16:00:00,27334460.0,113.03,114.9,112.22
2018-09-25 16:00:00,22668014.0,114.8,115.1,113.75
2018-09-26 16:00:00,19352025.0,114.47,115.06,113.74
2018-09-27 16:00:00,19091299.0,114.78,114.91,114.2
2018-09-28 16:00:00,21647811.0,114.19,114.57,113.68
2018-10-01 16:00:00,18883079.0,114.75,115.68,114.73
2018-10-02 16:00:00,20787239.0,115.3,115.84,114.44
2018-10-03 16:00:00,16648018.0,115.42,116.18,114.93
2018-10-04 16:00:00,34821717.0,114.61,114.76,111.63
2018-10-05 16:00:00,29068859.0,112.63,113.17,110.64
2018-10-08 16:00:00,29640588.0,111.66,112.03,109.34
2018-10-09 16:00:00,26198594.0,111.14,113.08,110.8
2018-10-10 16:00:00,61376315.0,111.24,111.5,105.79
2018-10-11 16:00:00,63904282.0,105.35,108.93,104.2
2018-10-12 16:00:00,47742109.0,109.01,111.24,107.12
2018-10-15 16:00:00,32068103.0,108.91,109.48,106.95
2018-10-16 16:00:00,31610164.0,109.54,111.41,108.95
2018-10-17 16:00:00,26548243.0,111.68,111.81,109.55
2018-10-18 16:00:00,32506192.0,110.1,110.53,107.83
2018-10-19 16:00:00,32785475.0,108.93,110.86,108.21
2018-10-22 16:00:00,26545607.0,109.32,110.54,108.24
2018-10-23 16:00:00,43770429.0,107.77,108.97,105.11
2018-10-24 16:00:00,63897759.0,108.41,108.49,101.59
2018-10-25 16:00:00,61646819.0,106.55,109.27,106.15
2018-10-26 16:00:00,55523104.0,105.69,108.75,104.76
2018-10-29 16:00:00,55162001.0,108.11,108.7,101.63
2018-10-30 16:00:00,65350878.0,103.66,104.38,100.11
2018-10-31 16:00:00,51062383.0,105.44,108.14,105.39
2018-11-01 16:00:00,33384201.0,107.05,107.32,105.53
2018-11-02 16:00:00,37680194.0,106.48,107.32,104.98
2018-11-05 16:00:00,27922144.0,106.37,107.74,105.9
2018-11-06 16:00:00,24340248.0,107.38,108.84,106.28
2018-11-07 16:00:00,37901704.0,109.44,112.24,109.4
2018-11-08 16:00:00,25644105.0,111.8,112.21,110.91
2018-11-09 16:00:00,32039223.0,110.85,111.45,108.76
2018-11-12 16:00:00,33621807.0,109.42,109.96,106.1
2018-11-13 16:00:00,35374583.0,107.55,108.74,106.64
2018-11-14 16:00:00,39495141.0,108.1,108.26,104.47
2018-11-15 16:00:00,38505165.0,104.99,107.8,103.91
2018-11-16 16:00:00,33502121.0,107.08,108.88,106.8
2018-11-19 16:00:00,44773899.0,108.27,108.56,103.55
2018-11-20 16:00:00,64052457.0,101.8,102.97,99.35
2018-11-21 16:00:00,28130621.0,103.6,104.43,102.24
2018-11-23 13:00:00,13823099.0,102.17,103.81,102.0
2018-11-26 16:00:00,32336165.0,104.79,106.63,104.58
2018-11-27 16:00:00,29124486.0,106.27,107.33,105.36
2018-11-28 16:00:00,46788461.0,107.89,111.33,107.86
2018-11-29 16:00:00,28123195.0,110.33,111.12,109.03
2018-11-30 16:00:00,33665624.0,110.7,110.97,109.36
2018-12-03 16:00:00,34732772.0,113.0,113.42,110.73
2018-12-04 16:00:00,45196984.0,111.94,112.64,108.21
2018-12-06 16:00:00,49107431.0,105.82,109.24,105.0
2018-12-07 16:00:00,45044937.0,108.38,109.45,104.3
2018-12-10 16:00:00,40801525.0,104.8,107.98,103.89
2018-12-11 16:00:00,42381947.0,109.8,110.95,107.44
2018-12-12 16:00:00,36183020.0,110.89,111.27,109.04
2018-12-13 16:00:00,31333362.0,109.58,110.87,108.63
2018-12-14 16:00:00,47043136.0,108.25,109.26,105.5
2018-12-17 16:00:00,56957314.0,105.41,105.8,101.71
2018-12-18 16:00:00,49319196.0,103.75,104.51,102.52
2018-12-19 16:00:00,68198186.0,103.65,106.88,101.35
2018-12-20 16:00:00,70334184.0,103.05,104.31,98.78
2018-12-21 16:00:00,111242070.0,101.63,103.0,97.46
2018-12-24 13:00:00,43935192.0,97.68,97.97,93.98
2018-12-26 16:00:00,51634793.0,95.14,100.69,93.96
2018-12-27 16:00:00,49498509.0,99.3,101.19,96.4
2018-12-28 16:00:00,38169312.0,102.09,102.41,99.52
2018-12-31 16:00:00,33173765.0,101.29,102.4,100.44
2019-01-02 16:00:00,35329345.0,99.55,101.75,98.94
2019-01-03 16:00:00,42578410.0,100.1,100.19,97.2
2019-01-04 16:00:00,44060620.0,99.72,102.51,98.93
2019-01-07 16:00:00,35656136.0,101.64,103.27,100.98
2019-01-08 16:00:00,31514415.0,103.04,103.97,101.71
2019-01-09 16:00:00,32280840.0,103.86,104.88,103.24
2019-01-10 16:00:00,30067556.0,103.22,103.75,102.38
2019-01-11 16:00:00,28314202.0,103.19,103.44,101.64
2019-01-14 16:00:00,28437079.0,101.9,102.87,101.26
2019-01-15 16:00:00,31587616.0,102.51,105.05,101.88
2019-01-16 16:00:00,29853865.0,105.26,106.26,104.96
2019-01-17 16:00:00,28393015.0,105.0,106.63,104.76
2019-01-18 16:00:00,37427587.0,107.46,107.9,105.91
2019-01-22 16:00:00,32371253.0,106.75,107.1,104.86
2019-01-23 16:00:00,25874294.0,106.12,107.04,105.34
2019-01-24 16:00:00,23164838.0,106.86,107.0,105.34
2019-01-25 16:00:00,31218193.0,107.24,107.88,106.59
2019-01-28 16:00:00,29476719.0,106.26,106.48,104.66
2019-01-29 16:00:00,31490547.0,104.88,104.97,102.17
2019-01-30 16:00:00,49471866.0,104.62,106.38,104.33
2019-01-31 16:00:00,55636391.0,103.8,105.22,103.18
2019-02-01 16:00:00,35535690.0,103.78,104.1,102.35
2019-02-04 16:00:00,31315282.0,102.87,105.8,102.77
2019-02-05 16:00:00,27325365.0,106.06,107.27,105.96
2019-02-06 16:00:00,20609759.0,107.0,107.0,105.53
2019-02-07 16:00:00,29760697.0,105.19,105.59,104.29
2019-02-08 16:00:00,21461093.0,104.39,105.78,104.26
2019-02-11 16:00:00,18914123.0,106.2,106.58,104.97
2019-02-12 16:00:00,25056595.0,106.14,107.14,105.48
2019-02-13 16:00:00,18394869.0,107.5,107.78,106.71
2019-02-14 16:00:00,21784703.0,106.31,107.29,105.66
2019-02-15 16:00:00,26606886.0,107.91,108.3,107.36
2019-02-19 16:00:00,18038460.0,107.79,108.66,107.78
2019-02-20 16:00:00,21607671.0,107.86,107.94,106.29
2019-02-21 16:00:00,29063231.0,106.9,109.48,106.87
2019-02-22 16:00:00,27763218.0,110.05,111.2,109.82
2019-02-25 16:00:00,23750599.0,111.76,112.18,111.26
2019-02-26 16:00:00,21536733.0,111.26,113.24,111.17
2019-02-27 16:00:00,21487062.0,111.69,112.36,110.88
2019-02-28 16:00:00,29083934.0,112.04,112.88,111.73
2019-03-01 16:00:00,23501169.0,112.89,113.02,111.67
2019-03-04 16:00:00,26608014.0,113.02,113.25,110.8
2019-03-05 16:00:00,19538318.0,112.25,112.39,111.23
2019-03-06 16:00:00,17686996.0,111.87,112.66,111.43
2019-03-07 16:00:00,25338954.0,111.4,111.55,109.87
2019-03-08 16:00:00,22818430.0,109.16,110.71,108.8
2019-03-11 16:00:00,26491618.0,110.99,112.95,110.98
2019-03-12 16:00:00,26132717.0,112.82,113.99,112.65
2019-03-13 16:00:00,35513771.0,114.13,115.0,113.78
2019-03-14 16:00:00,30763367.0,114.54,115.2,114.33
2019-03-15 16:00:00,54630661.0,115.34,117.25,114.59
2019-03-18 16:00:00,31207596.0,116.17,117.61,116.05
2019-03-19 16:00:00,37588697.0,118.09,118.44,116.99
2019-03-20 16:00:00,28113343.0,117.39,118.75,116.71
2019-03-21 16:00:00,29854446.0,117.14,120.82,117.09
2019-03-22 16:00:00,33624528.0,119.5,119.59,117.04
2019-03-25 16:00:00,27067117.0,116.56,118.01,116.32
2019-03-26 16:00:00,26097665.0,118.62,118.71,116.85
2019-03-27 16:00:00,22733427.0,117.88,118.21,115.52
2019-03-28 16:00:00,18334755.0,117.44,117.58,116.13
2019-03-29 16:00:00,25399752.0,118.07,118.32,116.96
2019-04-01 16:00:00,22789103.0,118.95,119.11,118.1
2019-04-02 16:00:00,18142297.0,119.06,119.48,118.52
2019-04-03 16:00:00,22860744.0,119.86,120.43,119.15
2019-04-04 16:00:00,20112848.0,120.1,120.23,118.38
2019-04-05 16:00:00,15826245.0,119.39,120.23,119.37
2019-04-08 16:00:00,15116186.0,119.81,120.02,118.64
2019-04-09 16:00:00,17611981.0,118.63,119.54,118.58
2019-04-10 16:00:00,16477169.0,119.76,120.35,119.54
2019-04-11 16:00:00,14209121.0,120.54,120.85,119.92
2019-04-12 16:00:00,19745143.0,120.64,120.98,120.37
2019-04-15 16:00:00,15792572.0,120.94,121.58,120.57
2019-04-16 16:00:00,14071787.0,121.64,121.65,120.1
2019-04-17 16:00:00,19300938.0,121.24,121.85,120.54
2019-04-18 16:00:00,27990998.0,122.19,123.52,121.3
2019-04-22 16:00:00,15648724.0,122.62,124.0,122.57
2019-04-23 16:00:00,24025521.0,124.1,125.58,123.83
2019-04-24 16:00:00,31256980.0,125.79,125.85,124.52
2019-04-25 16:00:00,38033892.0,130.06,131.37,128.83
2019-04-26 16:00:00,23654933.0,129.7,130.52,129.02
2019-04-29 16:00:00,16324183.0,129.9,130.18,129.35
2019-04-30 16:00:00,24166503.0,129.81,130.7,129.39
2019-05-01 16:00:00,26821692.0,130.53,130.65,127.7
2019-05-02 16:00:00,27350161.0,127.98,128.0,125.52
2019-05-03 16:00:00,24911126.0,127.36,129.43,127.25
2019-05-06 16:00:00,24239464.0,126.39,128.56,126.11
2019-05-07 16:00:00,36017661.0,126.46,127.18,124.22
2019-05-08 16:00:00,28418996.0,125.44,126.37,124.75
2019-05-09 16:00:00,27235835.0,124.29,125.79,123.57
2019-05-10 16:00:00,30915084.0,124.91,127.93,123.82
2019-05-13 16:00:00,33944923.0,124.11,125.55,123.04
2019-05-14 16:00:00,25266315.0,123.87,125.88,123.7
2019-05-15 16:00:00,24722708.0,124.26,126.71,123.7
2019-05-16 16:00:00,30112216.0,126.75,129.38,126.46
2019-05-17 16:00:00,25770539.0,128.31,130.46,127.92
2019-05-20 16:00:00,23706934.0,126.52,127.59,125.76
2019-05-21 16:00:00,15293260.0,127.43,127.53,126.58
2019-05-22 16:00:00,15396485.0,126.62,128.24,126.52
2019-05-23 16:00:00,23603810.0,126.2,126.29,124.74
2019-05-24 16:00:00,14123358.0,126.91,127.42,125.97
2019-05-28 16:00:00,23128359.0,126.98,128.0,126.05
2019-05-29 16:00:00,22763140.0,125.38,125.39,124.04
2019-05-30 16:00:00,16829613.0,125.26,125.76,124.78
2019-05-31 16:00:00,26646769.0,124.23,124.62,123.32
2019-06-03 16:00:00,37983637.0,123.85,124.37,119.01
2019-06-04 16:00:00,29382642.0,121.28,123.28,120.65
2019-06-05 16:00:00,24926140.0,124.95,125.87,124.21
2019-06-06 16:00:00,21458961.0,126.44,127.97,125.6
2019-06-07 16:00:00,33885588.0,129.19,132.25,128.26
2019-06-10 16:00:00,26477098.0,132.4,134.08,132.0
2019-06-11 16:00:00,23913731.0,133.88,134.24,131.28
2019-06-12 16:00:00,17092464.0,131.4,131.97,130.71
2019-06-13 16:00:00,17200848.0,131.98,132.67,131.56
2019-06-14 16:00:00,17821703.0,132.26,133.79,131.64
2019-06-17 16:00:00,14517785.0,132.63,133.73,132.53
2019-06-18 16:00:00,25934458.0,134.19,135.24,133.57
2019-06-19 16:00:00,23744441.0,135.0,135.93,133.81
2019-06-20 16:00:00,33042592.0,137.45,137.66,135.72
2019-06-21 16:00:00,36727892.0,136.58,137.73,136.46
2019-06-24 16:00:00,20628841.0,137.0,138.4,137.0
2019-06-25 16:00:00,33327420.0,137.25,137.59,132.73
2019-06-26 16:00:00,23657745.0,134.35,135.74,133.6
2019-06-27 16:00:00,16557482.0,134.14,134.71,133.51
2019-06-28 16:00:00,30042969.0,134.57,134.6,133.16
2019-07-01 16:00:00,22654160.0,136.63,136.7,134.97
2019-07-02 16:00:00,15237843.0,136.12,136.59,135.34
2019-07-03 13:00:00,13629296.0,136.8,137.74,136.29
2019-07-05 16:00:00,18141140.0,135.94,137.33,135.72
2019-07-08 16:00:00,16779748.0,136.4,137.1,135.37
2019-07-09 16:00:00,19953097.0,136.0,136.97,135.8
2019-07-10 16:00:00,24204362.0,137.13,138.58,137.02
2019-07-11 16:00:00,22327942.0,138.2,139.22,137.87
2019-07-12 16:00:00,18936832.0,138.85,139.13,138.01
2019-07-15 16:00:00,16651457.0,139.44,139.54,138.46
2019-07-16 16:00:00,22726128.0,138.96,139.05,136.52
2019-07-17 16:00:00,20210956.0,137.7,137.93,136.22
2019-07-18 16:00:00,30808707.0,135.55,136.62,134.67
2019-07-19 16:00:00,48992364.0,140.22,140.67,136.45
2019-07-22 16:00:00,25080760.0,137.41,139.19,137.33
2019-07-23 16:00:00,18034589.0,139.76,139.99,138.03
2019-07-24 16:00:00,20738275.0,138.9,140.74,138.85
2019-07-25 16:00:00,18356883.0,140.43,140.61,139.32
2019-07-26 16:00:00,19037600.0,140.37,141.68,140.3
2019-07-29 16:00:00,16605870.0,141.5,141.51,139.37
2019-07-30 16:00:00,16846528.0,140.14,141.22,139.8
2019-07-31 16:00:00,38598786.0,140.33,140.49,135.08
2019-08-01 16:00:00,40557502.0,137.0,140.94,136.93
2019-08-02 16:00:00,30791624.0,138.09,138.32,135.26
2019-08-05 16:00:00,42749551.0,133.3,133.93,130.78
2019-08-06 16:00:00,32696651.0,133.8,135.68,133.21
2019-08-07 16:00:00,33414539.0,133.79,135.65,131.83
2019-08-08 16:00:00,27496508.0,136.6,138.99,135.93
2019-08-09 16:00:00,23466701.0,138.61,139.38,136.46
2019-08-12 16:00:00,20484348.0,137.07,137.86,135.24
2019-08-13 16:00:00,25496593.0,136.05,138.8,135.0
2019-08-14 16:00:00,32527251.0,136.36,136.92,133.67
2019-08-15 16:00:00,28125416.0,134.39,134.58,132.25
2019-08-16 16:00:00,25026151.0,134.88,136.46,134.72
2019-08-19 16:00:00,24370543.0,137.85,138.55,136.89
2019-08-20 16:00:00,21188998.0,138.21,138.71,137.24
2019-08-21 16:00:00,14982314.0,138.55,139.49,138.0
2019-08-22 16:00:00,18709662.0,138.66,139.2,136.29
2019-08-23 16:00:00,38515386.0,137.19,138.35,132.8
2019-08-26 16:00:00,20325271.0,134.99,135.56,133.9
2019-08-27 16:00:00,23115635.0,136.39,136.72,134.66
2019-08-28 16:00:00,17410828.0,134.88,135.76,133.55
2019-08-29 16:00:00,20179716.0,137.25,138.44,136.91
2019-08-30 16:00:00,23946123.0,139.15,139.18,136.27
2019-09-03 16:00:00,18880773.0,136.61,137.2,135.7
2019-09-04 16:00:00,18015310.0,137.3,137.69,136.48
2019-09-05 16:00:00,26119520.0,139.11,140.38,138.76
2019-09-06 16:00:00,20824504.0,140.03,140.18,138.2
2019-09-09 16:00:00,25773932.0,139.59,139.75,136.46
2019-09-10 16:00:00,28903378.0,136.8,136.89,134.51
2019-09-11 16:00:00,24726117.0,135.91,136.27,135.09
2019-09-12 16:00:00,27009981.0,137.85,138.42,136.87
2019-09-13 16:00:00,23363057.0,137.78,138.06,136.57
2019-09-16 16:00:00,16731440.0,135.83,136.7,135.66
2019-09-17 16:00:00,17976285.0,136.96,137.52,136.43
2019-09-18 16:00:00,24473386.0,137.36,138.67,136.53
2019-09-19 16:00:00,36095413.0,140.3,142.37,140.07
2019-09-20 16:00:00,40040766.0,141.01,141.65,138.25
2019-09-23 16:00:00,17408374.0,139.23,139.63,138.44
2019-09-24 16:00:00,30016670.0,140.36,140.69,136.88
2019-09-25 16:00:00,22544054.0,137.5,139.96,136.03
2019-09-26 16:00:00,17813512.0,139.44,140.18,138.44
2019-09-27 16:00:00,22498958.0,140.15,140.36,136.65
2019-09-30 16:00:00,18430390.0,138.05,139.22,137.78
2019-10-01 16:00:00,22581929.0,139.66,140.25,137.0
2019-10-02 16:00:00,32001763.0,136.25,136.37,133.58
2019-10-03 16:00:00,26379798.0,134.95,136.75,133.22
2019-10-04 16:00:00,23839548.0,136.75,138.25,136.42
2019-10-07 16:00:00,16601284.0,137.14,138.18,137.02
2019-10-08 16:00:00,26783336.0,137.08,137.76,135.62
2019-10-09 16:00:00,20178482.0,137.46,138.7,136.97
2019-10-10 16:00:00,18396605.0,138.49,139.67,138.25
2019-10-11 16:00:00,25551065.0,140.12,141.03,139.5
2019-10-14 16:00:00,13591639.0,139.69,140.29,139.52
2019-10-15 16:00:00,19917762.0,140.06,141.79,139.81
2019-10-16 16:00:00,20841687.0,140.79,140.99,139.53
2019-10-17 16:00:00,22102797.0,140.95,141.42,139.02
2019-10-18 16:00:00,32284428.0,139.76,140.0,136.56
2019-10-21 16:00:00,20716039.0,138.45,138.5,137.01
2019-10-22 16:00:00,27935270.0,138.97,140.01,136.26
2019-10-23 16:00:00,31380309.0,136.88,137.45,135.61
2019-10-24 16:00:00,37278399.0,139.39,140.42,138.67
2019-10-25 16:00:00,25959724.0,139.34,141.14,139.2
2019-10-28 16:00:00,35280137.0,144.4,145.67,143.51
2019-10-29 16:00:00,20589469.0,144.08,144.5,142.65
2019-10-30 16:00:00,18496591.0,143.52,145.0,142.79
2019-10-31 16:00:00,24605135.0,144.9,144.93,142.99
2019-11-01 16:00:00,33128366.0,144.26,144.42,142.97
2019-11-04 16:00:00,16911999.0,144.83,145.0,144.16
2019-11-05 16:00:00,18250172.0,144.97,145.02,143.91
2019-11-06 16:00:00,16575798.0,144.37,144.52,143.2
2019-11-07 16:00:00,17786715.0,143.84,144.88,143.77
2019-11-08 16:00:00,16752939.0,143.98,145.99,143.76
2019-11-11 16:00:00,14370178.0,145.34,146.42,144.73
2019-11-12 16:00:00,18648712.0,146.28,147.57,146.06
2019-11-13 16:00:00,17444230.0,146.74,147.46,146.28
2019-11-14 16:00:00,19755100.0,147.02,148.41,147.0
2019-11-15 16:00:00,23508807.0,148.93,149.99,148.27
2019-11-18 16:00:00,21554762.0,150.07,150.55,148.98
2019-11-19 16:00:00,23960164.0,150.88,151.33,150.2
2019-11-20 16:00:00,25720060.0,150.31,150.84,148.46
2019-11-21 16:00:00,18576083.0,149.4,149.8,148.5
2019-11-22 16:00:00,15841680.0,150.07,150.3,148.82
2019-11-25 16:00:00,22428585.0,150.0,151.35,149.92
2019-11-26 16:00:00,24635100.0,151.36,152.42,151.32
2019-11-27 16:00:00,15201293.0,152.33,152.5,151.52
2019-11-29 13:00:00,11977300.0,152.1,152.3,151.28
2019-12-02 16:00:00,27473616.0,151.81,151.83,148.32
2019-12-03 16:00:00,25192145.0,147.49,149.43,146.65
2019-12-04 16:00:00,17580617.0,150.14,150.18,149.2
2019-12-05 16:00:00,17880601.0,150.05,150.32,149.48
2019-12-06 16:00:00,16410400.0,150.99,151.87,150.27
2019-12-09 16:00:00,101612.0,150.99,151.87,150.27
2019-12-10 16:00:00,16481060.0,151.29,151.89,150.76
2019-12-11 16:00:00,18860001.0,151.54,151.87,150.33
2019-12-12 16:00:00,24645366.0,151.65,153.44,151.02
2019-12-13 16:00:00,23850062.0,153.0,154.89,152.83
2019-12-16 16:00:00,24152770.0,155.11,155.9,154.82
2019-12-17 16:00:00,25443527.0,155.45,155.71,154.45
2019-12-18 16:00:00,24130046.0,154.3,155.48,154.18
2019-12-19 16:00:00,25813825.0,154.0,155.77,153.75
2019-12-20 16:00:00,53599613.0,157.35,158.49,156.29
2019-12-23 16:00:00,17726283.0,158.12,158.12,157.27
2019-12-24 13:00:00,8989150.0,157.48,157.71,157.12
2019-12-26 16:00:00,14526927.0,157.56,158.73,157.4
2019-12-27 16:00:00,18414352.0,159.45,159.55,158.22
2019-12-30 16:00:00,16356720.0,158.99,159.02,156.73
2019-12-31 16:00:00,18393383.0,156.77,157.77,156.45
2020-01-02 16:00:00,22634546.0,158.78,160.73,158.33
2020-01-03 16:00:00,21121681.0,158.32,159.95,158.06
2020-01-06 16:00:00,20826702.0,157.08,159.1,156.51
2020-01-07 16:00:00,21881740.0,159.32,159.67,157.32
2020-01-08 16:00:00,27762026.0,158.93,160.8,157.95
2020-01-09 16:00:00,21399951.0,161.84,162.22,161.03
2020-01-10 16:00:00,20733946.0,162.82,163.22,161.18
2020-01-13 16:00:00,21637007.0,161.76,163.31,161.26
2020-01-14 16:00:00,23500783.0,163.39,163.6,161.72
2020-01-15 16:00:00,21417871.0,162.62,163.94,162.57
2020-01-16 16:00:00,23865360.0,164.35,166.24,164.03
